Antigen,Seq,LSS_name,Length,Source,Notes,,
BG505,MPMGSLQPLATLYLLGMLVASVLAAENLWVTVYYGVPVWKDAETTLFCASDAKAYETEKHNVWATHACVPTDPNPQEIHLENVTEEFNMWKNNMVEQMHTDIISLWDQSLKPCVKLTPLCVTLQCTNVTNNITDDMRGELKNCSFNMTTELRDKKQKVYSLFYRLDVVQINENQGNRSNNSNKEYRLINCNTSAITQACPKVSFEPIPIHYCAPAGFAILKCKDKKFNGTGPCPSVSTVQCTHGIKPVVSTQLLLNGSLAEEEVMIRSENITNNAKNILVQFNTPVQINCTRPNNNTRKSIRIGPGQAFYATGDIIGDIRQAHCTVSKATWNETLGKVVKQLRKHFGNNTIIRFANSSGGDLEVTTHSFNCGGEFFYCNTSGLFNSTWISNTSVQGSNSTGSNDSITLPCRIKQIINMWQRIGQAMYAPPIQGVIRCVSNITGLILTRDGGSTNSTTETFRPGGGDMRDNWRSELYKYKVVKIEPLGVAPTRCKRRVVGGGSGGGGSGGGGSGGAVGIGAVFLGFLGAAGSTMGAASMTLTVQARNLLSGIVQQQSNLLRAPEAQQHLLKLTVWGIKQLQARVLAVERYLRDQQLLGIWGCSGKLICCTNVPWNSSWSNRNLSEIWDNMTWLQWDKEISNYTQIIYGLLEESQNQQEKNEQDLLALDGSGGSGSGGSGSGLNDIFEAQKIEWHE,BG505.LSS,694,"Alex doc (""C:\Users\perry\Desktop\Research\antibodyGPT\Ab_curation\antigen_files_from_Lab\Ag Sequences-Alex 1_6_23.docx"")",HIV env,,
RSV_post_fusion,ATMELLILKANAITTILTAVTFCFASGQNITEEFYQSTCSAVSKGYLSALRTGWYTSVITIELSNIKENKCNGTDAKVKLIKQELDKYKNAVTELQLLMQSTPATNNRARRELPRFMNYTLNNAKKTNVTLSKKRKRRAIASGVAVSKVLHLEGEVNKIKSALLSTNKAVVSLSNGVSVLTSKVLDLKNYIDKQLLPIVNKQSCSISNIETVIEFQQKNNRLLEITREFSVNAGVTTPVSTYMLTNSELLSLINDMPITNDQKKLMSNNVQIVRQQSYSIMSIIKEEVLAYVVQLPLYGVIDTPCWKLHTSPLCTTNTKEGSNICLTRTDRGWYCDNAGSVSFFPQAETCKVQSNRVFCDTMNSLTLPSEVNLCNVDIFNPKYDCKIMTSKTDVSSSVITSLGAIVSCYGKTKCTASNKNRGIIKTFSNGCDYVSNKGVDTVSVGNTLYYVNKQEGKSLYVKGEPIINFYDPLVFPSDEFDASISQVNEKINQSLAFIRKSDELL,RSV_Post.LSS,505,"Alex doc (""C:\Users\perry\Desktop\Research\antibodyGPT\Ab_curation\antigen_files_from_Lab\Ag Sequences-Alex 1_6_23.docx"")",CoV|B|Sarbeco|SARS-r|SARS2,,
MPV_post_fusion,MSWKVVIIFSLLITPQHGLKESYLEESCSTITEGYLSVLRTGWYTNVFTLEVGDVENLTCADGPSLIKTELDLTKSALRELRTVSADQLAREEQIENPRQSKKRKRRVATAAAVTAGVAIAKTIRLESEVTAIKNALKKTNEAVSTLGNGVRVLATAVRELKDFVSKNLTRAINKNKCDIADLKMAVSFSQFNRRFLNVVRQFSDNAGITPAISLDLMTDAELARAVSNMPTSAGQIKLMLENRAMVRRKGFGILIGVYGSSVIYMVQLPIFGVIDTPCWIVKAAPSCSEKKGNYACLLREDQGWYCQNAGSTVYYPNEKDCETRGDHVFCDTAAGINVAEQSKECNINISTTNYPCKVSTGRHPISMVALSPLGALVACYKGVSCSIGSNRVGIIKQLNKGCSYITNQDADTVTIDNTVYQLSKVEGEQHVIKGRPVSSSFDPVKFPEDQFNVALDQVFESIENSQALVDQSNRILSSAEKGNTSGRENLYFQSGRENLYFQGGGGGSGYIPEAPRDQAYVRKDGEWVLLSTFLGGTEGR,MPV_Post.LSS,541,"Alex doc (""C:\Users\perry\Desktop\Research\antibodyGPT\Ab_curation\antigen_files_from_Lab\Ag Sequences-Alex 1_6_23.docx"")",CoV|B|Sarbeco|SARS-r|SARS2,,
PIV-3 F_pre-fusion,MELGLSWIFLLAILKGVQCQIDITKLQHVGVLVNSPKGMKISQNFETRYLILSLIPKIEDSNSCGDQQIKQYKRLLDRLIIPLYDGLRLQKDVIVTNQESNENTDPRTERFFGGVIGTIALGVATSAQITAAVALVEAKQARSDIEKLKEAIRDTNKAVQSVCSSVGNCIVAIKSVQDYVNKEIVPSIARLGCEAAGLQLGIALTQHYSELTNCFGDNIGSLQEKGIKLQCIASLYRTNITEIFTTSTVDKYDIYDLLFTESIKVRVIDVDLNDYSITLQVRLPLLTRLLNTQIYKVDSISYNIQNREWYIPLPSHIMTKGAFLGGADVKECIEAFSSYICPSDPGFVLNHEMESCLSGNISQCPRTTVTSDIVPRYAFVNGGVVANCITTTCTCNGIGNRINQPPDQGVKIITHKECNTIGINGMLFNTNKEGTLAFYTPDDITLNNSVALDPIDISIELNKVKSDLEESKEWYRRSNQKGLSAIEDKIEEILSKIYHIENEIARIKKLIGEAP,PIV_3.LSS,515,"Alex doc (""C:\Users\perry\Desktop\Research\antibodyGPT\Ab_curation\antigen_files_from_Lab\Ag Sequences-Alex 1_6_23.docx"")",,,
Syd_2012,KPFSVPVLTVEEMTNS RFPIPLEKLFTGPSSAFVVQPQNGRCTTDGVLLGTTQLSPVNICTFRGDVTHITGSRNYT MNLASQNWNDYDPTEEIPAPLGTPDFVGKIQGVLTQTTRTDGSTRGHKATVYTGSADFAP KLGRVQFETDTDRDFEANQNTKFTPVGVIQDGGTTHRNEPQQWVLPSYSGRNTHNVHLAP AVAPTFPGEQLLFFRSTMPGCSGYPNMDLDCLLPQEWVQYFYQEAAPAQSDVALLRFVNP DTGRVLFECKLHKSGYVTVAHTGQHDLVIPPNGYFRFDSWVNQFYTLAPM,SYD_2012.LSS,311,"Alex doc (""C:\Users\perry\Desktop\Research\antibodyGPT\Ab_curation\antigen_files_from_Lab\Ag Sequences-Alex 1_6_23.docx"")",norovirus P domain,,
CHDC,KPFTVPILTVEEMSNS RFPIPLEKLYTGPSSAFVVQPQNGRCTTDGVLLGTTQLSAVNICNFRGDVTRVGISHDYT MNLVSQNWNNYDPTEEIPAPLGTPDFVGKIQGLLTQTTRADGSTRAHKATVSTGSVHFTP KLGSVQFTTDTNNDFQTGQNTKFTPVGVIQDGDHHQNEPQQWVLPNYSGTSGHNVHLAPA VAPTFPGEQLLFFRSTMPGCSGYPNMNLDCLLPQEWVSHFYQEAAPAQSDVALLRFVNPD TGRVLFECKLHKSGYITVAHTGPYDLVIPPNGYFRFDSWVNQFYTLAPM,CHDC.LSS,310,"Alex doc (""C:\Users\perry\Desktop\Research\antibodyGPT\Ab_curation\antigen_files_from_Lab\Ag Sequences-Alex 1_6_23.docx"")",norovirus P domain,,
GII_17,GSKPFSLPILTLSELTNSRFPVPIDSLFTAQNNVLQVQCQNGRCTLDGELQGTTQLLPTGICAFRGRVTAQINQRDRWHMQLQNLNGTTYDPTDDVPAPLGTPDFKGVVFGMVSQRNVGNDAPGSTRAQQAWVSTYSPQFVPKLGSVNLRISDNDDFQFQPTKFTPVGVNDDDDGHPFRQWELPNYSGELTLNMNLAPPVAPNFPGEQLLFFRSFVPCSGGYNQGIIDCLIPQEWIQHFYQESAPSQSDVALIRYVNPDTGRTLFEAKLHRSGYITVAHSGDYPLVVPANGHFRFDSWVNQFYSLAPM,GII.17.LSS,308,"Alex doc (""C:\Users\perry\Desktop\Research\antibodyGPT\Ab_curation\antigen_files_from_Lab\Ag Sequences-Alex 1_6_23.docx"")",norovirus P domain,,
RSV_B,MELLIHRSSAIFLTLAINALYLTSSQNITEEFYQSTCSAVSRGYFSALRTGWYTSVITIELSNIKETKCNGTDTKVKLIKQELDKYKNAVTELQLLTQNTPAANNRARREAPQYMNYTINTTKNLNVSISKKRKRRFLGFLLGVGSAIASGIAVCKVLHLEGEVNKIKNALLSTNKAVVSLSNGVSVLTFKVLDLKSYINNQLLPILNQQSCRISNIETVIEFQQKNSRLLEITREFSVNAGVTTPLSTYMLTNSELLSLINDMPITNDQKKLMSSNVQIVRQQSYSIMCIIKEEVLAYVVQLPIYGVIDTPCWKLHTSPLCTTNIKEGSNICLTRTDRGWYCDNAGSVSFFPQADTCKVQSNRVFCDTMNSLTLPSEVSLCNTDIFNSKYDCKIMTSKTDISSSVITSLGAIVSCYGKTKCTASNKNRGIIKTFSNGCDYVSNKGVDTVSVGNTLYYVNKLEGKNLYVKGEPIINYYDPLVFPSDEFDASISQVNEKINQSLAFIRRSDELLSAIGGYIPEAPRDGQAYVRKDGEWVLLSTFL,RSV_B.LSS,544,"Alex doc (""C:\Users\perry\Desktop\Research\antibodyGPT\Ab_curation\antigen_files_from_Lab\Ag Sequences-Alex 1_6_23.docx"")",,,
HA_H1-NC99,MKAKLLVLLCTFTATYADTICIGYHANNSTDTVDTVLEKNVTVTHSVNLLEDSHNGKLCLLKGIAPLQLGNCSVAGWILGNPECELLISKESWSYIVETPNPENGTCFPGYFADYEELREQLSSVSSFERFEIFPKESSWPNHTVTGVSASCSHNGKSSFYRNLLWLTGKNGLYPNLSKSYVNNKEKEVLVLWGVHHPPNIGNQRALYHTENAYVSVVSSHYSRRFTPEIAKRPKVRDQEGRINYYWTLLEPGDTIIFEANGNLIAPWYAFALSRGFGSGIITSNAPMDECDAKCQTPQGAINSSLPFQNVHPVTIGECPKYVRSAKLRMVTGLRNIPQRETRGLFGAIAGFIEGGWTGMVDGWYGYHHQNEQGSGYAADQKSTQNAINGITNKVNSVIEKMNTQFTAVGKEFNKLERRMENLNKKVDDGFLDIWTYNAELLVLLENERTLDFHDSNVKNLYEKVKSQLKNNAKEIGNGCFEFYHKCNNECMESVKNGTYDYPKYSEESKLNREKIDGSGYIPEAPRDGQAYVRKDGEWVLLSTFLGSGLNDIFEAQKIEWHEG,H1_NC99.LSS,564,"Alex doc (""C:\Users\perry\Desktop\Research\antibodyGPT\Ab_curation\antigen_files_from_Lab\Ag Sequences-Alex 1_6_23.docx"")",HA,,
H7N9_Anhui_2013_HA,MNTQILVFALIAIIPTNADKICLGHHAVSNGTKVNTLTERGVEVVNATETVERTNIPRICSKGKRTVDLGQCGLLGTITGPPQCDQFLEFSADLIIERREGSDVCFPGKFVNEEALRQILRESGGIDKEAMGFTYSGIRTNGATSACRRSGSSFYAEMKWLLSNTDNAAFPQMTKSYKNTRKSPALIVWGIHHSVSTAEQTKLYGSGNKLVTVGSSNYQQSFVPSPGARPQVNGLSGRIDFHWLMLNPNDTVTFSFNGAFIAPDRASFLRGKSMGIQSGVQVDANCEGDCYHSGGTIISNLPFQNIDSRAVGKCPRYVKQRSLLLATGMKNVPEIPKGRGLFGAIAGFIENGWEGLIDGWYGFRHQNAQGEGTAADYKSTQSAIDQITGKLNRLIEKTNQQFELIDNEFNEVEKQIGNVINWTRDSITEVWSYNAELLVAMENQHTIDLADSEMDKLYERVKRQLRENAEEDGTGCFEIFHKCDDDCMASIRNNTYDHSKYREEAMQNRIQIDPV,H7_Anh13.LSS,515,"Ivelin Plasmid (""C:\Users\perry\Desktop\Research\antibodyGPT\Ab_curation\antigen_files_from_Lab\FW_ HA_plasmids_Ivelin\CMVR A_Anhui_1_2013 (H7N9) HA 1-676 Y98F FAH.gb"")",,,
H5N1_Indonesia_2005_HA,MEKIVLLLAIVSLVKSDQICIGYHANNSTEQVDTIMEKNVTVTHAQDILEKTHNGKLCDLDGVKPLILRDCSVAGWLLGNPMCDEFINVPEWSYIVEKANPTNDLCFPGSFNDYEELKHLLSRINHFEKIQIIPKSSWSDHEASSGVSSACPYLGSPSFFRNVVWLIKKNSTYPTIKKSYNNTNQEDLLVLWGIHHPNDAAEQTRLYQNPTTYISIGTSTLNQRLVPKIATRSKVNGQSGRMEFFWTILKPNDAINFESNGNFIAPEYAYKIVKKGDSAIMKSELEYGNCNTKCQTPMGAINSSMPFHNIHPLTIGECPKYVKSNRLVLATGLRNSPQRESRGLFGAIAGFIEGGWQGMVDGWYGYHHSNEQGSGYAADKESTQKAIDGVTNKVNSIIDKMNTQFEAVGREFNNLERRIENLNKKMEDGFLDVWTYNAELLVLMENERTLDFHDSNVKNLYDKVRLQLRDNAKELGNGCFEFYHKCDNECMESIRNGTYNYPQYSEEARLKREEISGV,H5_IN05.LSS,518,"Ivelin Plasmid (""C:\Users\perry\Desktop\Research\antibodyGPT\Ab_curation\antigen_files_from_Lab\FW_ HA_plasmids_Ivelin\CMVR A_Indonesia_5_2005 (H5N1) HA 1-676 delF Y98F FAH.gb"")",,,
H10N8_Jiangxi-Donghu_2013_HA,MYKIVVIIALLGAVKGLDKICLGHHAVANGTIVKTLTNEQEEVTNATETVESTGINRLCMKGRKHKDLGNCHPIGMLIGTPACDLHLTGMWDTLIERENAIAYCFPGATVNVEALRQKIMESGGINKISTGFTYGSSINSAGTTRACMRNGGNSFYAELKWLVSKSKGQNFPQTTNTYRNTDTAEHLIMWGIHHPSSTQEKNDLYGTQSLSISVGSSTYRNNFVPVVGARPQVNGQSGRIDFHWTLVQPGDNITFSHNGGLIAPSRVSKLIGRGLGIQSDAPIDNNCESKCFWRGGSINTRLPFQNLSPRTVGQCPKYVNRRSLMLATGMRNVPELIQGRGLFGAIAGFLENGWEGMVDGWYGFRHQNAQGTGQAADYKSTQAAIDQITGKLNRLVEKTNTEFESIESEFSEIEHQIGNVINWTKDSITDIWTYQAELLVAMENQHTIDMADSEMLNLYERVRKQLRQNAEEDGKGCFEIYHACDDSCMESIRNNTYDHSQYREEALLNRLNINPV,H10_JD13.LSS,516,"Ivelin Plasmid (""C:\Users\perry\Desktop\Research\antibodyGPT\Ab_curation\antigen_files_from_Lab\FW_ HA_plasmids_Ivelin\CMVR A_Jiangxi-Donghu_346_2013 (H10N8) HA 1-676 Y98F FAH.gb"")",,,
H1N1_A_Michigan_45-2015_HA,MKAILVVLLYTFTTANADTLCIGYHANNSTDTVDTVLEKNVTVTHSVNLLEDKHNGKLCKLRGVAPLHLGKCNIAGWILGNPECESLSTASSWSYIVETSNSDNGTCFPGDFINYEELREQLSSVSSFERFEIFPKTSSWPNHDSNKGVTAACPHAGAKSFYKNLIWLVKKGNSYPKLNQSYINDKGKEVLVLWGIHHPSTTADQQSLYQNADAYVFVGTSRYSKKFKPEIATRPKVRDQEGRMNYYWTLVEPGDKITFEATGNLVVPRYAFTMERNAGSGIIISDTPVHDCNTTCQTPEGAINTSLPFQNIHPITIGKCPKYVKSTKLRLATGLRNVPSIQSRGLFGAIAGFIEGGWTGMVDGWYGYHHQNEQGSGYAADLKSTQNAIDKITNKVNSVIEKMNTQFTAVGKEFNHLEKRIENLNKKVDDGFLDIWTYNAELLVLLENERTLDYHDSNVKNLYEKVRNQLKNNAKEIGNGCFEFYHKCDNTCMESVKNGTYDYPKYSEEAKLNREKIDGV,H1_MI15.LSS,520,"Ivelin Plasmid (""C:\Users\perry\Desktop\Research\antibodyGPT\Ab_curation\antigen_files_from_Lab\FW_ HA_plasmids_Ivelin\CMVR A_Michigan_45_2015 HA 1-676 Y98F FAH.gb"")",,,
HA_HK14,QKIPGNDNSTATLCLGHHAVPNGTIVKTITNDRIEVTNATELVQNSSIGEICDSPHQILDGENCTLIDALLGDPQCDGFQNKKWDLFVERSKAYSNCFPYDVPDYASLRSLVASSGTLEFNNESFNWTGVTQNGTSSACIRRSSSSFFSRLNWLTHLNYTYPALNVTMPNNEQFDKLYIWGVHHPGTDKDQIFLYAQSSGRITVSTKRSQQAVIPNIGSRPRIRDIPSRISIYWTIVKPGDILLINSTGNLIAPRGYFKIRSGKSSIMRSDAPIGKCKSECITPNGSIPNDKPFQNVNRITYGACPRYVKHSTLKLATGMRNVPEKQTRGIFGAIAGFIENGWEGMVDGWYGFRHQNSEGRGQAADLKSTQAAIDQINGKLNRLIGKTNEKFHQIEKEFSEVEGRIQDLEKYVEDTKIDLWSYNAELLVALENQHTIDLTDSEMNKLFEKTKKQLRENAEDMGNGCFKIYHKCDNACIGSIRNGTYDHNVYRDEALNNRFQIKGV,,505,Sequenced by Gwen (this spreadsheet),Flu|A|H3|Hong_Kong_2014,,
HA_HK68,QDLPGNDNSTATLCLGHHAVPNGTLVKTITDDQIEVTNATELVQSSSTGKICNNPHRILDGIDCTLIDALLGDPHCDVFQNETWDLFVERSKAFSNCFPYDVPDYASLRSLVASSGTLEFITEGFTWTGVTQNGGSNACKRGPGSGFFSRLNWLTKSGSTYPVLNVTMPNNDNFDKLYIWGVHHPSTNQEQTSLYVQASGRVTVSTRRSQQTIIPNIGSRPWVRGLSSRISIYWTIVKPGDVLVINSNGNLIAPRGYFKMRTGKSSIMRSDAPIDTCISECITPNGSIPNDKPFQNVNKITYGACPKYVKQNTLKLATGMRNVPEKQTRGLFGAIAGFIENGWEGMIDGWYGFRHQNSEGTGQAADLKSTQAAIDQINGKLNRVIEKTNEKFHQIEKEFSEVEGRIQDLEKYVEDTKIDLWSYNAELLVALENQHTIDLTDSEMNKLFEKTRRQLRENAEDMGNGCFKIYHKCDNACIESIRNGTYDHDVYRDEALNNRFQIKGV,H3_HK68.LSS,505,Sequenced by Gwen (this spreadsheet),Flu|A|H3|Udorn_307_1972,,
HA_India17,DTLCIGYHANNSTDTVDTVLEKNVTVTHSVNLLEDKHNGKLCKLRGVAPLHLGKCNIAGWILGNPECESLSTARSWSYIVETSNSDNGTCFPGDFINYEELREQLSSVSSFERFEIFPKTSSWPNHDSNKGVTAACPHAGAKSFYKNLIWLVKKGNSYPKLNQTYINDKGKEVLVLWGIHHPSTTADQQSLYQNADAYVFVGTSRYSKKFKPEIATRPKVRDQEGRMNYYWTLVEPGDKITFEATGNLVVPRYAFTMERNAGSGIIISDTPVHDCNTTCQSPEGAINTSLPFQNAHPITIGKCPKYVKSTKLRRATGLRNVPSIQSRGIFGAIAGFIEGGWTGMVDGWYGHHHQNEQGSGYAADLKSTQNAIDKITNKVNSVIEKMNTQFTAVGKEFNHLEKRIENLNKKVDDGFLDIWTYNAELLVLLENERTLDYHDSNVKNLYEKVRNQLKNNAKEIGNGCFEFYHKCDNTCMESVKNGTYDYPKYSEEAKLNREKIDGV,,503,Sequenced by Gwen (this spreadsheet),Flu|A|H1 A/India/1732480/2017 YFAS,,
HA_Xiamen15,QKLPGNDNSTAMLCLGHHALPNGTIVKTITNDRIEVTNATELVQNSSIGEICDSPHQIFDGENCTLIDALLGDPQCDGFQNKKWDLFVERSKAYSNCFPYDVPDYASLRSLVATSGTLEFNNESFNWTGVTQNGTSSACLRRSSSFFFSRLNWLTHLNYTYPALNVTMPNNEQFDKLYILGFHHPGTDKDQIFLYAQSSGRITVSTKRSQQAVIPNIGSRPRIRDIPSRISIYWTIVKPGDILLINSTGNLIAPRGYFKIRSGKSSIMRSDAPIGKCKSECITPNGSIPNDKPFQNVNRITYGACPRYVKHSTLKLATGMRNVPEKQTRGIFDVKAGFIENGWEGMVNGWYGFRHQNSEGRGQAADLKSTQAAIDQINGKLNRLIGKTNEKFHQIEKEFSEVEGRIQDLEKYVEDTKIDLWSYNAELLVALENQHTIDLTDSEMNKLFEKTKKQLRENAEDMGNGCFKIYHKCDNACIGSIRNGTYDHNVYRDEALNNRFQIKGV,,505,Sequenced by Gwen (this spreadsheet),Flu|A|H3|Xiamen_s5_2015,,
HA_Udorn72,QDFPGNDNSTATLCLGHHAVPNGTLVKTITNDQIEVTNATELVQSSSTGKICNNPHRILDGIDCTLIDALLGDPHCDGFQNETWDLFVERSKAFSNCFPYDVPDYASLRSLVASSGTLEFISEGFTWTGVTQNGGSNACKRGPDSGFFSRLNWLYKSGSTYPVLNVTMPNNDNFDKLYIWGVHHPSTDQEQTSLYVQASGRVTVSTKRSQQTIIPNIGSRPWVRGLSSRISIYWTIVKPGDILVINSNGNLIAPRGYFKMRTGKSSIMRSDAPIGTCISECITPNGSIPNDKPFQNVNKITYGACPKYVKQNTLKLATGMRNVPEKQTRGLFSAIAGFIENGWEGMIDGWYGFRHQNSEGTGQPADLKSTQAAIDQINGKLNRVIEKTNEKFHQIEKEFSEVEGRIQDLEKYVEDTKIDLWSYNAELLVALENQHTIDLTDSEMNKLFEKTSRQLRENAEDMGNGCFKIYHKCDNACIGSIRNGTYDHDVYRDEALNNRFQIKGV,,505,Sequenced by Gwen (this spreadsheet),Flu|A|H3|HK_1_1969,,
HA_Wash19,DRICTGITSSNSPHVVKTATQGEVNVTGVIPLTTTPTKSHFANLKGTETRGKLCPKCLNCTDLDVALGRPKCTGKIPSARVSILHEVRPVTSGCFPIMHDRTKIRQLPNLLRGYEHVRLSTHNVINAEDAPGRPYEIGTSGSCPNITNGNGFFATMAWAVPKNKTATNPLTIEVPYICTEGEDQITVWGFHSDNETQMAKLYGDSKPQKFTSSANGVTTHYVSQIGGFPNQTEDGGLPQSGRIVVDYMVQKSGKTGTITYQRGILLPQKVWCASGRSKVIKGSLPLIGEADCLHEKYGGLNKSKPYYTGEHAKAIGNCPIWVKTPLKLANGTKYRPPAKLLKERGFFGAIAGFLEGGWEGMIAGWHGYTSHGAHGVAVAADLKSTQEAINKITKNLNSLSELEVKNLQRLSGAMDELHNEILELDEKVDDLRADTISSQIELAVLLSNEGIINSEDEHLLALERKLKKMLGPSAVEIGNGCFETKHKCNQTCLDRIAAGTFDAGEFSLPTFDSLNITAASL,,521,Sequenced by Gwen (this spreadsheet),Flu|B|Victoria|Washington_02_2019,,
VEGF,MPMAEGGGQNHHEVVKFMDVYQRSYCHPIETLVDIFQEYPDEIEYIFKPSCVPLMRCGGCCNDEGLECVPTEESNITMQIMRIKPHQGQHIGEMSFLQHNKCECRPKKDRARQEKCDKPRRGSTSGSGKSSEGKGMPMAEGGGQNHHEVVKFMDVYQRSYCHPIETLVDIFQEYPDEIEYIFKPSCVPLMRCGGCCNDEGLECVPTEESNITMQIMRIKPHQGQHIGEMSFLQHNKCECRPKKDRARQEKCDKPRR,,256,"Kevin - Clint spreadsheet (""C:\Users\perry\Desktop\Research\antibodyGPT\Ab_curation\antigen_files_from_Lab\231107_Antigen_AA_Seqs-CH.xlsx"")",Cancer,,See linked spreadsheet for more metadata on these antigens.
SARS1_RBD-Fc,ITNLCPFGEVFNATKFPSVYAWERKKISNCVADYSVLYNSTFFSTFKCYGVSATKLNDLCFSNVYADSFVVKGDDVRQIAPGQTGVIADYNYKLPDDFMGCVLAWNTRNIDATSTGNYNYKYRYLRHGKLRPFERDISNVPFSPDGKPCTPPALNCYWPLNDYGFYTTTGIGYQPYRVVVLSFELLNAPATVCGPKLSTDLIKNQCVNF,,209,"Andrea - Clint spreadsheet (""C:\Users\perry\Desktop\Research\antibodyGPT\Ab_curation\antigen_files_from_Lab\231107_Antigen_AA_Seqs-CH.xlsx"")",CoV|B|Sarbeco|SARS-r,,
SARS2_NTD,VNLTTRTQLPPAYTNSFTRGVYYPDKVFRSSVLHSTQDLFLPFFSNVTWFHAIHVSGTNGTKRFDNPVLPFNDGVYFASTEKSNIIRGWIFGTTLDSKTQSLLIVNNATNVVIKVCEFQFCNDPFLGVYYHKNNKSWMESEFRVYSSANNCTFEYVSQPFLMDLEGKQGNFKNLREFVFKNIDGYFKIYSKHTPINLVRDLPQGFSALEPLVDLPIGINITRFQTLLALHRSYLTPGDSSSGWTAGAAAYYVGYLQPRTFLLKYNENGTITDAVDCALDPLSETKCTLKS,,290,"Andrea - Clint spreadsheet (""C:\Users\perry\Desktop\Research\antibodyGPT\Ab_curation\antigen_files_from_Lab\231107_Antigen_AA_Seqs-CH.xlsx"")",CoV|B|Sarbeco|SARS-r|SARS2,,
SARS2_RBD-Fc,VQPTESIVRFPNITNLCPFGEVFNATRFASVYAWNRKRISNCVADYSVLYNSASFSTFKCYGVSPTKLNDLCFTNVYADSFVIRGDEVRQIAPGQTGKIADYNYKLPDDFTGCVIAWNSNNLDSKVGGNYNYLYRLFRKSNLKPFERDISTEIYQAGSTPCNGVEGFNCYFPLQSYGFQPTNGVGYQPYRVVVLSFELLHAPATVCGPKKSTNLVKNKCVNFNFNGLTGTGVLTESNKKFLPFQQFGRDIADTTDAVRDPQTLEILDITPCS,,272,"Clint - Clint spreadsheet (""C:\Users\perry\Desktop\Research\antibodyGPT\Ab_curation\antigen_files_from_Lab\231107_Antigen_AA_Seqs-CH.xlsx"")",CoV|B|Sarbeco|SARS-r|SARS2,,
HA_CA09,DTLCIGYHANNSTDTVDTVLEKNVTVTHSVNLLEDKHNGKLCKLRGVAPLHLGKCNIAGWILGNPECESLSTASSWSYIVETPSSDNGTCFPGDFIDYEELREQLSSVSSFERFEIFPKTSSWPNHDSNKGVTAACPHAGAKSFYKNLIWLVKEGNSYPKISKSYINDKGKEVLVLWGIHHPSTSADQQSLYQNADAYVFVGSSRYSKKFKPEIAIRPKVRGQEGRMNYYWTLVEPGDKITFEATGNLVVPRYAFAMERNAGSGIIISDTPVHDCNTTCQTPKGAINTSLPFQNIHPITIGKCPKYVKSTKLRLATGLRNIPSIQSRGLFGAIAGFIEGGWTGMVDGWYGYHHQNEQGSGYAADLKSTQNAIDEITNKVNSVIEKMNTQFTAVGKEFNHLEKRIENLNKKVDDGFLDIWTYNAELLVLLENERTLDYHNSNVKNLYEKVRSQLKNNAKEIGNGCFEFYHKCDNTCMESVKNGTYDYPKYSEEAKLNREEIDGV,,503,"Clint - Clint spreadsheet (""C:\Users\perry\Desktop\Research\antibodyGPT\Ab_curation\antigen_files_from_Lab\231107_Antigen_AA_Seqs-CH.xlsx"")",Flu|A|H1|Pandemic_California_2009,,
HA_Wisc05,QKLPGNDNSTATLCLGHHAVPNGTIVKTITNDQIEVTNATELVQSSSTGGICDSPHQILDGENCTLIDALLGDPQCDGFQNKKWDLFVERSKAYSNCFPYDVPDYASLRSLVASSGTLEFNDESFNWTGVTQNGTSSSCKRRSNNSFFSRLNWLTHLKFKYPALNVTMPNNEKFDKLYIWGVHHPVTDNDQIFLYAQASGRITVSTKRSQQTVIPNIGSRPRIRNIPSRISIYWTIVKPGDILLINSTGNLIAPRGYFKIRSGKSSIMRSDAPIGKCNSECITPNGSIPNDKPFQNVNRITYGACPRYVKQNTLKLATGMRNVPEKQTRGIFGAIAGFIENGWEGMVDGWYGFRHQNSEGIGQAADLKSTQAAINQINGKLNRLIGKTNEKFHQIEKEFSEVEGRIQDLEKYVEDTKIDLWSYNAELLVALENQHTIDLTDSEMNKLFERTKKQLRENAEDMGNGCFKIYHKCDNACIGSIRNGTYDHDVYRDEALNNRFQIKGVG,,506,"Clint - Clint spreadsheet (""C:\Users\perry\Desktop\Research\antibodyGPT\Ab_curation\antigen_files_from_Lab\231107_Antigen_AA_Seqs-CH.xlsx"")",Flu|A|H3|Wisconsin_67_2005,,
HIV_KNH1144_Env,MWKNKMVEQMHTDIISLWDQSLQPCVKLTPLCVTLNCTDVTNVTDVSGTRGNITIMKEMEGEIKNCSFNMTTEIRDKKQKVYSLFYRLDVVPINQGNSSSKNSSEYRLISCNTSAITQACPKVSFEPIPIHYCAPAGFAILKCRDKEFNGTGECKNVSTVQCTHGIKPVVSTQLLLNGSLAEEKVKIRTENITNNAKTIIVQLVEPVRINCTRPNNNTRESVRIGPGQAFFATGDIIGDIRQAHCNVSRSQWNKTLQQVAEQLREHFKNKTIIFNSSSGGDLEITTHSFNCGGEFFYCNTSGLFNSTWNTSMSGSSNTETNDTITLQCRIKQIINMWQRTGQAIYAPPIQGVIRCESNITGLLLTRDGGEEKNSTNEIFRPGGGDMRDNWRSELYKYKVVKIEPLGVAPTRCRRRVVGGGSGGGGSGGGGSGGAVGIGAVFLGFLGAAGSTMGAASITLTVQARQLLSGIVQQQSNLLRAPEAQQHMLKLTVWGIKQLQARVLAVERYLRDQQLLGIWGCSGKLICCTNVPWNSSWSNKSQDEIWNNMTWLQWDKEISNYTNLIYSLIEESQNQQEKNEQDLLALG,,586,"Gwen - Clint spreadsheet (""C:\Users\perry\Desktop\Research\antibodyGPT\Ab_curation\antigen_files_from_Lab\231107_Antigen_AA_Seqs-CH.xlsx"")",HIV-1|A1,,
HIV_CNE55_Env,MWKNKMVEQMQEDVISLWDESLKPCVKLTPLCVTLNCTTANTNETKNNTTDDNIKDEMKNCTFNMTTEIRDKKQRVSALFYKLDIVPIDDSKNNSEYRLINCNTSVIKQACPKVSFDPIPIHYCTPAGYVILKCNDKNFNGTGPCKNVSSVQCTHGIKPVVSTQLLLNGSLAEEEIIIRSENLTDNAKNIIVHLNKSVEINCTRPSNNTRTSVRIGPGQVFYRTGDITGDIRKAYCEIDGTEWNKTLTQVAEKLKEHFNKTIVYQPPSGGDLEITMHHFNCRGEFFYCNTTQLFNNSVGNSTIKLPCRIKQIINMWQGVGQAMYAPPISGAINCLSNITGILLTRDGGGNNRSNETFRPGGGNIKDNWRSELYKYKVVEIEPLGIAPTKCKRRVVEGGSGGGGSGGGGSGGAVGIGAMIFGFLGAAGSTMGAASITLTVQARQLLSGIVQQQSNLLRAPEAQQHMLQLTVWGIKQLQARVLAVERYLKDQRFLGLWGCSGKTICCTAVPWNSTWSNKTYEEIWDNMTWTQWEREISNYTNQIYSILTESQSQQDKNEKDLLELD,,564,"Gwen - Clint spreadsheet (""C:\Users\perry\Desktop\Research\antibodyGPT\Ab_curation\antigen_files_from_Lab\231107_Antigen_AA_Seqs-CH.xlsx"")",HIV-1|AE,,
HIV_B41_Env ,MWKNNMVEQMHEDIISLWDQSLKPCVKLTPLCVTLNCNNVNTNNTNNSTNATISDWEKMETGEMKNCSFNVTTSIRDKIKKEYALFYKLDVVPLENKNNINNTNITNYRLINCNTSVITQACPKVSFEPIPIHYCAPAGFAILKCNSKTFNGSGPCTNVSTVQCTHGIRPVVSTQLLLNGSLAEEEIVIRSENITDNAKTIIVQLNEAVEINCTRPNNNTRKSIHIGPGRAFYATGDIIGNIRQAHCNISKARWNETLGQIVAKLEEQFPNKTIIFNHSSGGDPEIVTHSFNCGGEFFYCNTTPLFNSTWNNTRTDDYPTGGEQNITLQCRIKQIINMWQGVGKAMYAPPIRGQIRCSSNITGLLLTRDGGRDQNGTETFRPGGGNMRDNWRSELYKYKVVKIEPLGIAPTACKRRVVQGGSGGGGSGGGGSGGAVGLGAFILGFLGAAGSTMGAASMALTVQARLLLSGIVQQQNNLLRAPEAQQHMLQLTVWGIKQLQARVLAVERYLRDQQLLGIWGCSGKIICCTNVPWNDSWSNKTINEIWDNMTWMQWEKEIDNYTQHIYTLLEVSQIQQEKNEQELLELD,,587,"Gwen - Clint spreadsheet (""C:\Users\perry\Desktop\Research\antibodyGPT\Ab_curation\antigen_files_from_Lab\231107_Antigen_AA_Seqs-CH.xlsx"")",HIV-1|B,,
HIV_ ZM106.9_Env,MVLENVTENFNMWKNDMVDQMHEDIISLWDQSLKPCVKLTPLCVTLKCVNVNATSKSNASATNDGSGEMKNCTFNITTEIRDKKRNESALFYKLDIVPLTNDNNSGEYRLINCNTSAMTQACPKVSFDPIPIHYCAPAGYAILKCNNKTFNGTGPCYNVSTVQCTHGIKPVVSTQLLLNGSLAEGEIIIRSENLTDNVKTIIVHLNESIHITCTRPNNNTRKSIRIGPGQTFYATGEIIGDIRKAYCNISEEKWNKALQEVGKKLKEHFPNKTIKFAPSSGGDLEITTHSFNCRGEFFYCNTSKLFNSTYMHNATSRNATNATITLPCRIRQIINMWQEVGRAMYAPPIAGNITCVSNITGLLLVRDGGNGDTNDTETFRPGGGDMKNNWRSELYKYKVVEIKPLGVAPTECKRRVVEGGSGGGGSGGGGSGGAVGIGAVLLGFLGAAGSTMGAASITLTAQARQVLSGIVQQQSNLLRAPEAQQHLLQLTVWGIKQLQTRVLALERYLKDQQLLGLWGCSGRLICCTAVPWNSSWSNKSLTDIWDNMTWMQWDKEVSNYTNTIYRLLEDSQSQQEKNEKDLLALD,,586,"Gwen - Clint spreadsheet (""C:\Users\perry\Desktop\Research\antibodyGPT\Ab_curation\antigen_files_from_Lab\231107_Antigen_AA_Seqs-CH.xlsx"")",HIV-1|C,,
HIV_CZA97_Env,MPMGSLQPLATLYLLGMLVASVLAVGNMWVTVYYGVPVWTDAKTTLFCASDTKAYDREVHNVWATHACVPTDPNPQEIVLENVTENFNMWKNDMVDQMHEDIISLWDQSLKPCVKLTPLCVTLHCTNATFKNNVTNDMNKEIRNCSFNTTTEIRDKKQQGYALFYRPDIVLLKENRNNSNNSEYILINCNASTCTQACPKVNFDPIPIHYCAPAGYAILKCNNKTFSGKGPCNNVSTVQCTHGIKPVVSTQLLLNGSLAEKEIIIRSENLTDNVKTIIVHLNKSVEIVCTRPNNNTRKSMRIGPGQTFYATGDIIGDIRQAYCNISGSKWNETLKRVKEKLQENYNNNKTIKFAPSSGGDLEITTHSFNCRGEFFYCNTTRLFNNNATEDETITLPCRIKQIINMWQGVGRCMYAPPIAGNITCKSNITGLLLVRDGGEDNKTEEIFRPGGGNMKDNWRSELYKYKVIELKPLGIAPTGCKRRVVEGGSGGGGSGGGGSGGAVGIGAVFLGFLGAAGSTMGAASLTLTVQARQLLSSIVQQQSNLLRAPEAQQHMLQLTVWGIKQLQTRVLAIERYLKDQQLLGIWGCSGKLICCTNVPWNSSWSNKSQTDIWNNMTWMEWDREISNYTDTIYRLLEDSQTQQEKNEKDLLALD,CZA97.LSS,654,"Gwen - Clint spreadsheet (""C:\Users\perry\Desktop\Research\antibodyGPT\Ab_curation\antigen_files_from_Lab\231107_Antigen_AA_Seqs-CH.xlsx"")",HIV-1|C,,
HIV_ZM197_Env,MEQLWVTVYYGVPVWKEAKATLFCASDAKAYEKEVHNVWATHACVPTDPNPQEIPLGNVTENFNMWKNDMADQMHEDIISLWDQSLKPCVKLTPLCVTLNCSDATSNTTKNATNTNTTSTDNRNATSNDTEMKGEIKDCTFNITTEVRDRKTKQRALFYKLDVVPLEEEKNSSSKNSSYKEYRLISCNTSTITQACPKVSFDPIPIHYCAPAGYAILKCNNKTFNGTGPCHNVSTVQCTHGIKPVVSTQLLLNGSLAEEEIIIRSENLTDNTKTIIVHLNESVEIECVRPNNNTRKSVRIGPGQTFFATGEIIGDIRQAHCDLSKSNWTTTLKRIEKKLKEHFNNATIKFESSAGGDLEITTHSFNCRGEFFYCNTSGLFNSSLLNDTDGTSNSTSNATITLPCRIKQIINMWQEVGRAMYASPIAGIITCKSNITGLLLTRDGGNKSAGIETFRPGGGNMKDNWRSELYKYKVVEIKPLGIAPTSCKRRVVEGGSGGGGSGGGGSGGAAGIGAVILGFLGAAGSTMGAASVMLTVQARQLLSGIVQQQSNLLRAPEAQQHMLQLTVWGIKQLQTRVLAIERYLKDQQLLGLWGCSGKLICCTAVPWNTSWSNKSKDEIWDNMTWMQWDREIDNYTQVIYQLLEVSQNQQEKNENDLLALD,ZM197.LSS,661,"Parker - Clint spreadsheet (""C:\Users\perry\Desktop\Research\antibodyGPT\Ab_curation\antigen_files_from_Lab\231107_Antigen_AA_Seqs-CH.xlsx"")",HIV-1|C,,
SARS2_S1,VNLTTRTQLPPAYTNSFTRGVYYPDKVFRSSVLHSTQDLFLPFFSNVTWFHAIHVSGTNGTKRFDNPVLPFNDGVYFASTEKSNIIRGWIFGTTLDSKTQSLLIVNNATNVVIKVCEFQFCNDPFLGVYYHKNNKSWMESEFRVYSSANNCTFEYVSQPFLMDLEGKQGNFKNLREFVFKNIDGYFKIYSKHTPINLVRDLPQGFSALEPLVDLPIGINITRFQTLLALHRSYLTPGDSSSGWTAGAAAYYVGYLQPRTFLLKYNENGTITDAVDCALDPLSETKCTLKSFTVEKGIYQTSNFRVQPTESIVRFPNITNLCPFGEVFNATRFASVYAWNRKRISNCVADYSVLYNSASFSTFKCYGVSPTKLNDLCFTNVYADSFVIRGDEVRQIAPGQTGKIADYNYKLPDDFTGCVIAWNSNNLDSKVGGNYNYLYRLFRKSNLKPFERDISTEIYQAGSTPCNGVEGFNCYFPLQSYGFQPTNGVGYQPYRVVVLSFELLHAPATVCGPKKSTNLVKNKCVNFNFNGLTGTGVLTESNKKFLPFQQFGRDIADTTDAVRDPQTLEILDITPCSFGGVSVITPGTNTSNQVAVLYQDVNCTEVPVAIHADQLTPTWRVYSTGSNVFQTRAGCLIGAEHVNNSYECDIPIGAGICASYQTQTNSPRRAR,,670,Clint - https://www.sinobiological.com/recombinant-proteins/2019-ncov-cov-spike-40591-v08b1,"Just S1 subdomain of SARS-2 spike, WT",,
H3_Perth19,MKTIIALSYILCLVFAQKLPGNDNSTATLCLGHHAVPNGTIVKTITNDQIEVTNATELVQSSSTGEICDSPHQILDGKNCTLIDALLGDPQCDGFQNKKWDLFVERSKAYSNCYPYDVPDYASLRSLVASSGTLEFNNESFNWTGVTQNGTSSACIRRSKNSFFSRLNWLTHLNFKYPALNVTMPNNEQFDKLYIWGVLHPGTDKDQIFLYAQASGRITVSTKRSQQTVSPNIGSRPRVRNIPSRISIYWTIVKPGDILLINSTGNLIAPRGYFKIRSGKSSIMRSDAPIGKCNSECITPNGSIPNDKPFQNVNRITYGACPRYVKQNTLKLATGMRNVPEKQTRGIFGAIAGFIENGWEGMVDGWYGFRHQNSEGRGQAADLKSTQAAIDQINGKLNRLIGKTNEKFHQIEKEFSEVEGRIQDLEKYVEDTKIDLWSYNAELLVALENQHTIDLTDSEMNKLFEKTKKQLRENAEDMGNGCFKIYHKCDNACIGSIRNGTYDHDVYRDEALNNRFQIKGVELKSGYKDWILWISFAISCFLLCVALLGFIMWACQKGNIRCNICI,H3_Perth19.LSS,566,https://www.uniprot.org/uniprotkb/A0A097PF60/entry#sequences,,,
RSV_A,MELLILKANAITTILTAVTFCFASGQNITEEFYQSTCSAVSKGYLSALRTGWYTSVITIELSNIKENKCNGTDAKVKLIKQELDKYKNAVTELQLLMQSTPPTNNRARRELPRFMNYTLNNAKKTNVTLSKKRKRRFLGFLLGVGSAIASGVAVSKVLHLEGEVNKIKSALLSTNKAVVSLSNGVSVLTSKVLDLKNYIDKQLLPIVNKQSCSISNIETVIEFQQKNNRLLEITREFSVNAGVTTPVSTYMLTNSELLSLINDMPITNDQKKLMSNNVQIVRQQSYSIMSIIKEEVLAYVVQLPLYGVIDTPCWKLHTSPLCTTNTKEGSNICLTRTDRGWYCDNAGSVSFFPQAETCKVQSNRVFCDTMNSLTLPSEINLCNVDIFNPKYDCKIMTSKTDVSSSVITSLGAIVSCYGKTKCTASNKNRGIIKTFSNGCDYVSNKGMDTVSVGNTLYYVNKQEGKSLYVKGEPIINFYDPLVFPSDEFDASISQVNEKINQSLAFIRKSDELLHNVNAGKSTTNIMITTIIIVIIVILLSLIAVGLLLYCKARSTPVTLSKDQLSGINNIAFSN,RSV_A.LSS,574,https://www.uniprot.org/uniprotkb/P03420/entry,,,
H2_SG57,MAIIYLILLFTAVRGDQICIGYHANNSTETVDTILERNVTVTHAKDILEKTHNGKLCKLNGIPPLELGDCSIAGWLLGNPECDRLLSVPEWSYIMEKENPRDGLCYPGSFNDYEELKHLLSSVKHFEKVKILPKDRWTQHTTTGGSRACAVSGNPSFFRNMVWLTKKGSNYPVAKGSYNNTSGEQMLIIWGVHHPNDETEQRTLYQNVGTYVSVGTSTLNKRSTPDIATRPKVNGLGSRMEFSWTLLDMWDTINFESTGNLIAPEYGFKISKRGSSGIMKTEGTLENCETKCQTPLGAINTTLPFHNVHPLTIGECPKYVKSEKLVLATGLRNVPQIESRGLFGAIAGFIEGGWQGMVDGWYGYHHSNDQGSGYAADKESTQKAFDGITNKVNSVIEKMNTQFEAVGKEFSNLERRLENLNKKMEDGFLDVWTYNAELLVLMENERTLDFHDSNVKNLYDKVRMQLRDNVKELGNGCFEFYHKCDDECMNSVKNGTYDYPKYEEESKLNRNEIKGVKLSSMGVYQILAIYATVAGSLSLAIMMAGISFWMCSNGSLQCRICI,H2_SG57.LSS,562,https://www.uniprot.org/uniprotkb/B4UR37/entry#sequences,,,
MPV_A,MSWKVVIIFSLLITPQHGLKESYLEESCSTITEGYLSVLRTGWYTNVFTLEVGDVENLTCADGPSLIKTELDLTKSALRELRTVSADQLAREEQIENPRRRRFVLGAIALGVATAAAVTAGVAIAKTIRLESEVTAIKNALKKTNEAVSTLGNGVRVLATAVRELKDFVSKNLTRAINKNKCDIPDLKMAVSFSQFNRRFLNVVRQFSDNAGITPAISLDLMTDAELARAVSNMPTSAGQIKLMLENRAMVRRKGFGILIGVYGSSVIYMVQLPIFGVIDTPCWIVKAAPSCSEKKGNYACLLREDQGWYCQNAGSTVYYPNEKDCETRGDHVFCDTAAGINVAEQSKECNINISTTNYPCKVSTGRHPISMVALSPLGALVACYKGVSCSIGSNRVGIIKQLNKGCSYITNQDADTVTIDNTVYQLSKVEGEQHVIKGRPVSSSFDPVKFPEDQFNVALDQVFESIENSQALVDQSNRILSSAEKGNTSGRENLYFQGGGGSGYIPEAPRDGQAYVRKDGEWVLLSTFLGGIEGRHHHHHH,MPV_A.LSS,542,https://www.rcsb.org/structure/5wb0,,,
MPV_B,MSWKVVIIFSLLITPQHGLKESYLEESCSTITEGYLSVLRTGWYTNVFTLEVGDVENLTCSDGPSLIKTELDLTKSALRELKTVSADQLAREEQIENPRQSRFVLGAIALGVATAAAVTAGVAIAKTIRLESEVTAIKNALKTTNEAVSTLGNGVRVLATAVRELKDFVSKNLTRAINKNKCDIDDLKMAVSFSQFNRRFLNVVRQFSDNAGITPAISLDLMTDAELARAVSNMPTSAGQIKLMLENRAMVRRKGFGILIGVYGSSVIYMVQLPIFGVIDTPCWIVKAAPSCSGKKGNYACLLREDQGWYCQNAGSTVYYPNEKDCETRGDHVFCDTAAGINVAEQSKECNINISTTNYPCKVSTGRHPISMVALSPLGALVACYKGVSCSIGSNRVGIIKQLNKGCSYITNQDADTVTIDNTVYQLSKVEGEQHVIKGRPVSSSFDPIKFPEDQFNVALDQVFENIENSQALVDQSNRILSSAEKGNTGFIIVIILIAVLGSSMILVSIFIIIKKTKKPTGAPPELSGVTNNGFIPHS,MPV_B.LSS,539,https://rest.uniprot.org/uniprotkb/Q6WB98.fasta,,,
ConC,MRVMGILRNCQQWWIWGILGFWMLMICNVVGNLWVTVYYGVPVWKEAKTTLFCASDAKAYEKEVHNVWATHACVPTDPNPQEMVLENVTENFNMWKNDMVDQMHEDIISLWDQSLKPCVKLTPLCVTLNCRNVTNATNNTYNEEIKNCSFNITTELRDKKKKVYALFYRLDIVPLNENSSEYRLINCNTSAITQACPKVSFDPIPIHYCAPAGYAILKCNNKTFNGTGPCNNVSTVQCTHGIKPVVSTQLLLNGSLAEEEIIIRSENLTNNAKTIIVHLNESVEIVCTRPNNNTRKSIRIGPGQTFYATGDIIGDIRQAHCNISEDKWNKTLQRVSKKLKEHFPNKTIKFEPSSGGDLEITTHSFNCRGEFFYCNTSKLFNSTYNNNTNSNSTITLPCRIKQIINMWQEVGRAMYAPPIAGNITCKSNITGLLLTRDGGKKNTTEIFRPGGGDMRDNWRSELYKYKVVEIKPLGVAPTKAKRRVVEREKR,ConC.LSS,490,https://vumc365.sharepoint.com/sites/IGLabBoxContent/Shared%20Documents/Forms/AllItems.aspx?id=%2Fsites%2FIGLabBoxContent%2FShared%20Documents%2FMembers%2FPrevious%20Members%2FIan%20Setliff%2FIan%2FPatents%2FConC%20gp120%2Etxt&parent=%2Fsites%2FIGLabBoxContent%2FShared%20Documents%2FMembers%2FPrevious%20Members%2FIan%20Setliff%2FIan%2FPatents,,,
H9,MKAILVVLLYTFATANADTLCIGYHANNSTDTVDTVLEKNVTVTHSVNLLEDKHNGKLCKLRGVAPLHLGKCNIAGWILGNPECESLSTASSWSYIVETSSSDNGTCYPGDFIDYEELREQLSSVSSFERFEIFPKTSSWPNHDLNKGVTAACPHAGAKSFYKNLIWLVKKGNSYPKLSKSYINDKGKEVLVLWGIHHPSTSADQQSLYQNADAYVFVGTSRYSKKFKPEIAIRPKVRDQEGRMNYYWTLVEPGDKITFEATGNLVVPRYAFAMERNAGSGIIISDTPVHDCNTTCQTPKGAINTSLPFQNIHPITIGKCPKYVKSTKLRLATGLRNVPSIQSRGLFGAIAGFIEGGWTGMVDGWYGYHHQNEQGSGYAADLKSTQNAIDEITNKVNSVIEKMNTQFTAVGKEFNHLEKRIENLNKKVDDGFLDIWTYNAELLVLLENERTLDYHDSNVKNLYEKVRSQLKNNAKEIGNGCFEFYHKCDNTCMESVKNGTYDYPKYSEEAKLNREEIDGVKLESTRIYQILAIYSTVASSLVLIVSLGAISFWMCSNGSLQCRICI,H9.LSS,566,https://rest.uniprot.org/uniprotkb/G1FUC9.fasta,,,
HA_H1-NC99_rohit,MKAKLLVLLCTFTATYADTICIGYHANNSTDTVDTVLEKNVTVTHSVNLLEDSHNGKLCLLKGIAPLQLGNCSVAGWILGNPECELLISKESWSYIVETPNPENGTCFPGYFADYEELREQLSSVSSFERFEIFPKESSWPNHTVTGVSASCSHNGKSSFYRNLLWLTGKNGLYPNLSKSYVNNKEKEVLVLWGVHHPPNIGNQRALYHTENAYVSVVSSHYSRRFTPEIAKRPKVRDQEGRINYYWTLLEPGDTIIFEANGNLIAPWYAFALSRGFGSGIITSNAPMDECDAKCQTPQGAINSSLPFQNVHPVTIGECPKYVRSAKLRMVTGLRNIPQRETRGLFGAIAGFIEGGWTGMVDGWYGYHHQNEQGSGYAADQKSTQNAINGITNKVNSVIEKMNTQFTAVGKEFNKLERRMENLNKKVDDGFLDIWTYNAELLVLLENERTLDFHDSNVKNLYEKVKSQLKNNAKEIGNGCFEFYHKCNNECMESVKNGTYDYPKYSEESKLNREKIDGSGYIPEAPRDGQAYVRKDGEWVLLSTFLGSGLNDIFEAQKIEWHEG,H1.LSS,564,"Alex doc (""C:\Users\perry\Desktop\Research\antibodyGPT\Ab_curation\antigen_files_from_Lab\Ag Sequences-Alex 1_6_23.docx"")",HA,,
H3_Perth19,MKTIIALSYILCLVFAQKLPGNDNSTATLCLGHHAVPNGTIVKTITNDQIEVTNATELVQSSSTGEICDSPHQILDGKNCTLIDALLGDPQCDGFQNKKWDLFVERSKAYSNCYPYDVPDYASLRSLVASSGTLEFNNESFNWTGVTQNGTSSACIRRSKNSFFSRLNWLTHLNFKYPALNVTMPNNEQFDKLYIWGVLHPGTDKDQIFLYAQASGRITVSTKRSQQTVSPNIGSRPRVRNIPSRISIYWTIVKPGDILLINSTGNLIAPRGYFKIRSGKSSIMRSDAPIGKCNSECITPNGSIPNDKPFQNVNRITYGACPRYVKQNTLKLATGMRNVPEKQTRGIFGAIAGFIENGWEGMVDGWYGFRHQNSEGRGQAADLKSTQAAIDQINGKLNRLIGKTNEKFHQIEKEFSEVEGRIQDLEKYVEDTKIDLWSYNAELLVALENQHTIDLTDSEMNKLFEKTKKQLRENAEDMGNGCFKIYHKCDNACIGSIRNGTYDHDVYRDEALNNRFQIKGVELKSGYKDWILWISFAISCFLLCVALLGFIMWACQKGNIRCNICI,H3_Perth.LSS,566,https://www.uniprot.org/uniprotkb/A0A097PF60/entry#sequences,,,
H5_VN04 ,ADPGDQICIGYHANNSTEQVDTIMEKNVTVTHAQDILEKKHNGKLCDLDGVKPLILRDCSVAGWLLGNPMCDEFINVPEWSYIVEKANPVNDLCYPGDFNDYEELKHLLSRINHFEKIQIIPKSSWSSHEASLGVSSACPYQGKSSFFRNVVWLIKKNSTYPTIKRSYNNTNQEDLLVLWGIHHPNDAAEQTKLYQNPTTYISVGTSTLNQRLVPRIATRSKVNGQSGRMEFFWTILKPNDAINFESNGNFIAPEYAYKIVKKGDSTIMKSELEYGNCNTKCQTPMGAINSSMPFHNIHPLTIGECPKYVKSNRLVLATGLRNSPQRERRRKKR,H5_VN04.LSS,334,https://www.rcsb.org/structure/6CFG,,,
OC43_S2P,VIGDLKCPLDSRTGSLNNIDTGPPSISTATVDVTNGLGTYYVLDRVYLNTTLFLNGYYPTSGSTYRNMALKGTDKLSTLWFKPPFLSDFINGIFAKVKNTKVFKDGVMYSEFPAITIGSTFVNTSYSVVVQPRTINSTQDGVNKLQGLLEVSVCQYNMCEYPHTICHPKLGNHFKELWHMDTGVVSCLYKRNFTYDVNATYLYFHFYQEGGTFYAYFTDTGVVTKFLFNVYLGMALSHYYVMPLTCISRRDIGFTLEYWVTPLTSRQYLLAFNQDGIIFNAVDCMSDFMSEIKCKTQSIAPPTGVYELNGYTVQPIADVYRRKPDLPNCNIEAWLNDKSVPSPLNWERKTFSNCNFNMSSLMSFIQADSFTCNNIDAAKIYGMCFSSITIDKFAIPNGRKVDLQLGNLGYLQSFNYRIDTTATSCQLYYNLPAANVSVSRFNPSTWNKRFGFIENSVFKPQPAGVLTNHDVVYAQHCFKAPKNFCPCKLNSSLCVGSGPGKNNGIGTCPAGTNYLTCHNLCNPDPITFTGPYKCPQTKSLVGIGEHCSGLAVKSDYCGGNPCTCQPQAFLGWSADSCLQGDKCNIFANLILHDVNSGLTCSTDLQKANTDIKLGVCVNYDLYGISGQGIFVEVNATYYNSWQNLLYDSNGNLYGFRDYITNRTFMIRSCYSGRVSAAFHANSSEPALLFRNIKCNYVFNNSLIRQLQPINYFDSYLGCVVNAYNSTAISVQTCDLTVGSGYCVDYSKNRRSRRAITTGYRFTNFEPFTVNSVNDSLEPVGGLYEIQIPSEFTIGNMEEFIQTSSPKVTIDCAAFVCGDYAACKSQLVEYGSFCDNINAILTEVNELLDTTQLQVANSLMNGVTLSTKLKDGVNFNVDDINFSSVLGCLGSECSKASSRSAIEDLLFDKVKLSDVGFVAAYNNCTGGAEIRDLICVQSYKGIKVLPPLLSENQISGYTLAATSASLFPPWTAAAGVPFYLNVQYRINGLGVTMDVLSQNQKLIANAFNNALDAIQEGFDATNSALVKIQAVVNANAEALNNLLQQLSNRFGAISSSLQEILSRLDPPEAEAQIDRLINGRLTALNAYVSQQLSDSTLVKFSAAQAMEKVNECVKSQSSRINFCGNGNHIISLVQNAPYGLYFIHFSYVPTKYVTAKVSPGLCIAGDRGIAPKSGYFVNVNNTWMYTGSGYYYPEPITENNVVVMSTCAVNYTKAPYVMLNTSTPNLPDFREELDQWFKNQTSVAPDLSLDYINVTFLDLQVEMNRLQEAIKVLN,,1273,"Clint spreadsheet (""C:\Users\perry\Desktop\Research\antibodyGPT\Ab_curation\antigen_files_from_Lab\231107_Antigen_AA_Seqs-CH.xlsx"")",,,
HKU1_S2P,VIGDFNCTNSFINDYNKTIPRISEDVVDVSLGLGTYYVLNRVYLNTTLLFTGYFPKSGANFRDLALKGSIYLSTLWYKPPFLSDFNNGIFSKVKNTKLYVNNTLYSEFSTIVIGSVFVNTSYTIVVQPHNGILEITACQYTMCEYPHTVCKSKGSIRNESWHIDSSEPLCLFKKNFTYNVSADWLYFHFYQERGVFYAYYADVGMPTTFLFSLYLGTILSHYYVMPLTCNAISSNTDNETLEYWVTPLSRRQYLLNFDEHGVITNAVDCSSSFLSEIQCKTQSFAPNTGVYDLSGFTVKPVATVYRRIPNLPDCDIDNWLNNVSVPSPLNWERRIFSNCNFNLSTLLRLVHVDSFSCNNLDKSKIFGSCFNSITVDKFAIPNRRRDDLQLGSSGFLQSSNYKIDISSSSCQLYYSLPLVNVTINNFNPSSWNRRYGFGSFNLSSYDVVYSDHCFSVNSDFCPCADPSVVNSCAKSKPPSAICPAGTKYRHCDLDTTLYVKNWCRCSCLPDPISTYSPNTCPQKKVVVGIGEHCPGLGINEEKCGTQLNHSSCFCSPDAFLGWSFDSCISNNRCNIFSNFIFNGINSGTTCSNDLLYSNTEISTGVCVNYDLYGITGQGIFKEVSAAYYNNWQNLLYDSNGNIIGFKDFLTNKTYTILPCYSGRVSAAFYQNSSSPALLYRNLKCSYVLNNISFISQPFYFDSYLGCVLNAVNLTSYSVSSCDLRMGSGFCIDYALPSSGGSGSGISSPYRFVTFEPFNVSFVNDSVETVGGLFEIQIPTNFTIAGHEEFIQTSSPKVTIDCSAFVCSNYAACHDLLSEYGTFCDNINSILNEVNDLLDITQLQVANALMQGVTLSSNLNTNLHSDVDNIDFKSLLGCLGSQCGSSSRSLLEDLLFNKVKLSDVGFVEAYNNCTGGSEIRDLLCVQSFNGIKVLPPILSETQISGYTTAATVAAMFPPWSAAAGVPFSLNVQYRINGLGVTMDVLNKNQKLIANAFNKALLSIQNGFTATNSALAKIQSVVNANAQALNSLLQQLFNKFGAISSSLQEILSRLDPPEAQVQIDRLINGRLTALNAYVSQQLSDITLIKAGASRAIEKVNECVKSQSPRINFCGNGNHILSLVQNAPYGLLFIHFSYKPTSFKTVLVSPGLCLSGDRGIAPKQGYFIKQNDSWMFTGSSYYYPEPISDKNVVFMNSCSVNFTKAPFIYLNNSIPNLSDFEAELSLWFKNHTSIAPNLTFNSHINATFLDLYYEMNVIQESIKSLNS,,1264,"Clint spreadsheet (""C:\Users\perry\Desktop\Research\antibodyGPT\Ab_curation\antigen_files_from_Lab\231107_Antigen_AA_Seqs-CH.xlsx"")",,,
SARS1_RBD-Fc,ITNLCPFGEVFNATKFPSVYAWERKKISNCVADYSVLYNSTFFSTFKCYGVSATKLNDLCFSNVYADSFVVKGDDVRQIAPGQTGVIADYNYKLPDDFMGCVLAWNTRNIDATSTGNYNYKYRYLRHGKLRPFERDISNVPFSPDGKPCTPPALNCYWPLNDYGFYTTTGIGYQPYRVVVLSFELLNAPATVCGPKLSTDLIKNQCVNF,,209,"Clint spreadsheet (""C:\Users\perry\Desktop\Research\antibodyGPT\Ab_curation\antigen_files_from_Lab\231107_Antigen_AA_Seqs-CH.xlsx"")",,,
SARS1_S2P ,SDLDRCTTFDDVQAPNYTQHTSSMRGVYYPDEIFRSDTLYLTQDLFLPFYSNVTGFHTINHTFGNPVIPFKDGIYFAATEKSNVVRGWVFGSTMNNKSQSVIIINNSTNVVIRACNFELCDNPFFAVSKPMGTQTHTMIFDNAFNCTFEYISDAFSLDVSEKSGNFKHLREFVFKNKDGFLYVYKGYQPIDVVRDLPSGFNTLKPIFKLPLGINITNFRAILTAFSPAQDIWGTSAAAYFVGYLKPTTFMLKYDENGTITDAVDCSQNPLAELKCSVKSFEIDKGIYQTSNFRVVPSGDVVRFPNITNLCPFGEVFNATKFPSVYAWERKKISNCVADYSVLYNSTFFSTFKCYGVSATKLNDLCFSNVYADSFVVKGDDVRQIAPGQTGVIADYNYKLPDDFMGCVLAWNTRNIDATSTGNYNYKYRYLRHGKLRPFERDISNVPFSPDGKPCTPPALNCYWPLNDYGFYTTTGIGYQPYRVVVLSFELLNAPATVCGPKLSTDLIKNQCVNFNFNGLTGTGVLTPSSKRFQPFQQFGRDVSDFTDSVRDPKTSEILDISPCSFGGVSVITPGTNASSEVAVLYQDVNCTDVSTAIHADQLTPAWRIYSTGNNVFQTQAGCLIGAEHVDTSYECDIPIGAGICASYHTVSLLRSTSQKSIVAYTMSLGADSSIAYSNNTIAIPTNFSISITTEVMPVSMAKTSVDCNMYICGDSTECANLLLQYGSFCTQLNRALSGIAAEQDRNTREVFAQVKQMYKTPTLKYFGGFNFSQILPDPLKPTKRSFIEDLLFNKVTLADAGFMKQYGECLGDINARDLICAQKFNGLTVLPPLLTDDMIAAYTAALVSGTATAGWTFGAGAALQIPFAMQMAYRFNGIGVTQNVLYENQKQIANQFNKAISQIQESLTTTSTALGKLQDVVNQNAQALNTLVKQLSSNFGAISSVLNDILSRLDPPEAEVQIDRLITGRLQSLQTYVTQQLIRAAEIRASANLAATKMSECVLGQSKRVDFCGKGYHLMSFPQAAPHGVVFLHVTYVPSQERNFTTAPAICHEGKAYFPREGVFVFNGTSWFITQRNFFSPQIITTDNTFVSGNCDVVIGIINNTVYDPLQPELDSFKEELDKYFKNHTSPDVDLGDISGINASVVNIQKEIDRLNEVAKNLNESLIDLQELGKYEQ,,1177,"Clint spreadsheet (""C:\Users\perry\Desktop\Research\antibodyGPT\Ab_curation\antigen_files_from_Lab\231107_Antigen_AA_Seqs-CH.xlsx"")",,,
SARS2_Hexa,QCVNLTTRTQLPPAYTNSFTRGVYYPDKVFRSSVLHSTQDLFLPFFSNVTWFHAIHVSGTNGTKRFDNPVLPFNDGVYFASTEKSNIIRGWIFGTTLDSKTQSLLIVNNATNVVIKVCEFQFCNDPFLGVYYHKNNKSWMESEFRVYSSANNCTFEYVSQPFLMDLEGKQGNFKNLREFVFKNIDGYFKIYSKHTPINLVRDLPQGFSALEPLVDLPIGINITRFQTLLALHRSYLTPGDSSSGWTAGAAAYYVGYLQPRTFLLKYNENGTITDAVDCALDPLSETKCTLKSFTVEKGIYQTSNFRVQPTESIVRFPNITNLCPFGEVFNATRFASVYAWNRKRISNCVADYSVLYNSASFSTFKCYGVSPTKLNDLCFTNVYADSFVIRGDEVRQIAPGQTGKIADYNYKLPDDFTGCVIAWNSNNLDSKVGGNYNYLYRLFRKSNLKPFERDISTEIYQAGSTPCNGVEGFNCYFPLQSYGFQPTNGVGYQPYRVVVLSFELLHAPATVCGPKKSTNLVKNKCVNFNFNGLTGTGVLTESNKKFLPFQQFGRDIADTTDAVRDPQTLEILDITPCSFGGVSVITPGTNTSNQVAVLYQDVNCTEVPVAIHADQLTPTWRVYSTGSNVFQTRAGCLIGAEHVNNSYECDIPIGAGICASYQTQTNSPGSASSVASQSIIAYTMSLGAENSVAYSNNSIAIPTNFTISVTTEILPVSMTKTSVDCTMYICGDSTECSNLLLQYGSFCTQLNRALTGIAVEQDKNTQEVFAQVKQIYKTPPIKDFGGFNFSQILPDPSKPSKRSPIEDLLFNKVTLADAGFIKQYGDCLGDIAARDLICAQKFNGLTVLPPLLTDEMIAQYTSALLAGTITSGWTFGAGPALQIPFPMQMAYRFNGIGVTQNVLYENQKLIANQFNSAIGKIQDSLSSTPSALGKLQDVVNQNAQALNTLVKQLSSNFGAISSVLNDILSRLDPPEAEVQIDRLITGRLQSLQTYVTQQLIRAAEIRASANLAATKMSECVLGQSKRVDFCGKGYHLMSFPQSAPHGVVFLHVTYVPAQEKNFTTAPAICHDGKAHFPREGVFVSNGTHWFVTQRNFYEPQIITTDNTFVSGNCDVVIGIVNNTVYDPLQPELDSFKEELDKYFKNHTSPDVDLGDISGINASVVNIQKEIDRLNEVAKNLNESLIDLQELGKYEQ,,1195,"Clint spreadsheet (""C:\Users\perry\Desktop\Research\antibodyGPT\Ab_curation\antigen_files_from_Lab\231107_Antigen_AA_Seqs-CH.xlsx"")",,,
SARS2_NTD,VNLTTRTQLPPAYTNSFTRGVYYPDKVFRSSVLHSTQDLFLPFFSNVTWFHAIHVSGTNGTKRFDNPVLPFNDGVYFASTEKSNIIRGWIFGTTLDSKTQSLLIVNNATNVVIKVCEFQFCNDPFLGVYYHKNNKSWMESEFRVYSSANNCTFEYVSQPFLMDLEGKQGNFKNLREFVFKNIDGYFKIYSKHTPINLVRDLPQGFSALEPLVDLPIGINITRFQTLLALHRSYLTPGDSSSGWTAGAAAYYVGYLQPRTFLLKYNENGTITDAVDCALDPLSETKCTLKS,,290,"Clint spreadsheet (""C:\Users\perry\Desktop\Research\antibodyGPT\Ab_curation\antigen_files_from_Lab\231107_Antigen_AA_Seqs-CH.xlsx"")",,,
CoV_HKU1,VIGDFNCTNSFINDYNKTIPRISEDVVDVSLGLGTYYVLNRVYLNTTLLFTGYFPKSGANFRDLALKGSIYLSTLWYKPPFLSDFNNGIFSKVKNTKLYVNNTLYSEFSTIVIGSVFVNTSYTIVVQPHNGILEITACQYTMCEYPHTVCKSKGSIRNESWHIDSSEPLCLFKKNFTYNVSADWLYFHFYQERGVFYAYYADVGMPTTFLFSLYLGTILSHYYVMPLTCNAISSNTDNETLEYWVTPLSRRQYLLNFDEHGVITNAVDCSSSFLSEIQCKTQSFAPNTGVYDLSGFTVKPVATVYRRIPNLPDCDIDNWLNNVSVPSPLNWERRIFSNCNFNLSTLLRLVHVDSFSCNNLDKSKIFGSCFNSITVDKFAIPNRRRDDLQLGSSGFLQSSNYKIDISSSSCQLYYSLPLVNVTINNFNPSSWNRRYGFGSFNLSSYDVVYSDHCFSVNSDFCPCADPSVVNSCAKSKPPSAICPAGTKYRHCDLDTTLYVKNWCRCSCLPDPISTYSPNTCPQKKVVVGIGEHCPGLGINEEKCGTQLNHSSCFCSPDAFLGWSFDSCISNNRCNIFSNFIFNGINSGTTCSNDLLYSNTEISTGVCVNYDLYGITGQGIFKEVSAAYYNNWQNLLYDSNGNIIGFKDFLTNKTYTILPCYSGRVSAAFYQNSSSPALLYRNLKCSYVLNNISFISQPFYFDSYLGCVLNAVNLTSYSVSSCDLRMGSGFCIDYALPSSGGSGSGISSPYRFVTFEPFNVSFVNDSVETVGGLFEIQIPTNFTIAGHEEFIQTSSPKVTIDCSAFVCSNYAACHDLLSEYGTFCDNINSILNEVNDLLDITQLQVANALMQGVTLSSNLNTNLHSDVDNIDFKSLLGCLGSQCGSSSRSLLEDLLFNKVKLSDVGFVEAYNNCTGGSEIRDLLCVQSFNGIKVLPPILSETQISGYTTAATVAAMFPPWSAAAGVPFSLNVQYRINGLGVTMDVLNKNQKLIANAFNKALLSIQNGFTATNSALAKIQSVVNANAQALNSLLQQLFNKFGAISSSLQEILSRLDNLEAQVQIDRLINGRLTALNAYVSQQLSDITLIKAGASRAIEKVNECVKSQSPRINFCGNGNHILSLVQNAPYGLLFIHFSYKPTSFKTVLVSPGLCLSGDRGIAPKQGYFIKQNDSWMFTGSSYYYPEPISDKNVVFMNSCSVNFTKAPFIYLNNSIPNLSDFEAELSLWFKNHTSIAPNLTFNSHINATFLDLYYEMNVIQESIKSLNGSGYIPEAPRDGQAYVRKDGEWVLLSTFLGLEVLFQ,CoV_HKU1.LSS,1299,https://www.rcsb.org/structure/5i08,McClellan prefusion,,
CoV_229E,,,0,,,,
CoV_NL63,,,0,,,,
HIV_A244 ,SLIRIGHGFDVHAFGCVTLHCTNANLTKANLTNVNNRTNVSNIIGNITDEVRNCSFNMTTELRDKKQKVHALFYKLDIVPIEDNNDNSKYRLINCNGGSGGDVALHALTDAILGAAALGDIGKLFPKNADSRGLLREAFRQVQEKGYKIGNVDITIIAQAPKMRPHIDAMRAKIAEDLQCDIEQVNVKATTTEKLGFTGRQEGIACEAVALLIRQGLEVLFQ,,222,https://www.rcsb.org/structure/5esz,GP120,,
CoV_SARS1,MFIFLLFLTLTSGSDLDRCTTFDDVQAPNYTQHTSSMRGVYYPDEIFRSDTLYLTQDLFLPFYSNVTGFHTINHTFGNPVIPFKDGIYFAATEKSNVVRGWVFGSTMNNKSQSVIIINNSTNVVIRACNFELCDNPFFAVSKPMGTQTHTMIFDNAFNCTFEYISDAFSLDVSEKSGNFKHLREFVFKNKDGFLYVYKGYQPIDVVRDLPSGFNTLKPIFKLPLGINITNFRAILTAFSPAQDIWGTSAAAYFVGYLKPTTFMLKYDENGTITDAVDCSQNPLAELKCSVKSFEIDKGIYQTSNFRVVPSGDVVRFPNITNLCPFGEVFNATKFPSVYAWERKKISNCVADYSVLYNSTFFSTFKCYGVSATKLNDLCFSNVYADSFVVKGDDVRQIAPGQTGVIADYNYKLPDDFMGCVLAWNTRNIDATSTGNYNYKYRYLRHGKLRPFERDISNVPFSPDGKPCTPPALNCYWPLNDYGFYTTTGIGYQPYRVVVLSFELLNAPATVCGPKLSTDLIKNQCVNFNFNGLTGTGVLTPSSKRFQPFQQFGRDVSDFTDSVRDPKTSEILDISPCSFGGVSVITPGTNASSEVAVLYQDVNCTDVSTAIHADQLTPAWRIYSTGNNVFQTQAGCLIGAEHVDTSYECDIPIGAGICASYHTVSLLRSTSQKSIVAYTMSLGADSSIAYSNNTIAIPTNFSISITTEVMPVSMAKTSVDCNMYICGDSTECANLLLQYGSFCTQLNRALSGIAAEQDRNTREVFAQVKQMYKTPTLKYFGGFNFSQILPDPLKPTKRSFIEDLLFNKVTLADAGFMKQYGECLGDINARDLICAQKFNGLTVLPPLLTDDMIAAYTAALVSGTATAGWTFGAGAALQIPFAMQMAYRFNGIGVTQNVLYENQKQIANQFNKAISQIQESLTTTSTALGKLQDVVNQNAQALNTLVKQLSSNFGAISSVLNDILSRLDKVEAEVQIDRLITGRLQSLQTYVTQQLIRAAEIRASANLAATKMSECVLGQSKRVDFCGKGYHLMSFPQAAPHGVVFLHVTYVPSQERNFTTAPAICHEGKAYFPREGVFVFNGTSWFITQRNFFSPQIITTDNTFVSGNCDVVIGIINNTVYDPLQPELDSFKEELDKYFKNHTSPDVDLGDISGINASVVNIQKEIDRLNEVAKNLNESLIDLQELGKYEQYIKWPWYVWLGFIAGLIAIVMVTILLCCMTSCCSCLKGACSCGSCCKFDEDDSEPVLKGVKLHYT,CoV_SARS1.LSS,1255,,,,
CoV_SARS2D614G,QCVNLTTRTQLPPAYTNSFTRGVYYPDKVFRSSVLHSTQDLFLPFFSNVTWFHAIHVSGTNGTKRFDNPVLPFNDGVYFASTEKSNIIRGWIFGTTLDSKTQSLLIVNNATNVVIKVCEFQFCNDPFLGVYYHKNNKSWMESEFRVYSSANNCTFEYVSQPFLMDLEGKQGNFKNLREFVFKNIDGYFKIYSKHTPINLVRDLPQGFSALEPLVDLPIGINITRFQTLLALHRSYLTPGDSSSGWTAGAAAYYVGYLQPRTFLLKYNENGTITDAVDCALDPLSETKCTLKSFTVEKGIYQTSNFRVQPTESIVRFPNITNLCPFGEVFNATRFASVYAWNRKRISNCVADYSVLYNSASFSTFKCYGVSPTKLNDLCFTNVYADSFVIRGDEVRQIAPGQTGKIADYNYKLPDDFTGCVIAWNSNNLDSKVGGNYNYLYRLFRKSNLKPFERDISTEIYQAGSTPCNGVEGFNCYFPLQSYGFQPTNGVGYQPYRVVVLSFELLHAPATVCGPKKSTNLVKNKCVNFNFNGLTGTGVLTESNKKFLPFQQFGRDIADTTDAVRDPQTLEILDITPCSFGGVSVITPGTNTSNQVAVLYQGVNCTEVPVAIHADQLTPTWRVYSTGSNVFQTRAGCLIGAEHVNNSYECDIPIGAGICASYQTQTNSPGSASSVASQSIIAYTMSLGAENSVAYSNNSIAIPTNFTISVTTEILPVSMTKTSVDCTMYICGDSTECSNLLLQYGSFCTQLNRALTGIAVEQDKNTQEVFAQVKQIYKTPPIKDFGGFNFSQILPDPSKPSKRSPIEDLLFNKVTLADAGFIKQYGDCLGDIAARDLICAQKFNGLTVLPPLLTDEMIAQYTSALLAGTITSGWTFGAGPALQIPFPMQMAYRFNGIGVTQNVLYENQKLIANQFNSAIGKIQDSLSSTPSALGKLQDVVNQNAQALNTLVKQLSSNFGAISSVLNDILSRLDPPEAEVQIDRLITGRLQSLQTYVTQQLIRAAEIRASANLAATKMSECVLGQSKRVDFCGKGYHLMSFPQSAPHGVVFLHVTYVPAQEKNFTTAPAICHDGKAHFPREGVFVSNGTHWFVTQRNFYEPQIITTDNTFVSGNCDVVIGIVNNTVYDPLQPELDSFKEELDKYFKNHTSPDVDLGDISGINASVVNIQKEIDRLNEVAKNLNESLIDLQELGKYEQ,CoV_SARS2D614G .LSS,1195,"Clint spreadsheet (""C:\Users\perry\Desktop\Research\antibodyGPT\Ab_curation\antigen_files_from_Lab\231107_Antigen_AA_Seqs-CH.xlsx"")",,,
CoV_OC43,MFLILLISLPTAFAVIGDLKCTSDNINDKDTGPPPISTDTVDVTNGLGTYYVLDRVYLNTTLFLNGYYPTSGSTYRNMALKGSVLLSRLWFKPPFLSDFINGIFAKVKNTKVIKDRVMYSEFPAITIGSTFVNTSYSVVVQPRTINSTQDGDNKLQGLLEVSVCQYNMCEYPQTICHPNLGNHRKELWHLDTGVVSCLYKRNFTYDVNADYLYFHFYQEGGTFYAYFTDTGVVTKFLFNVYLGMALSHYYVMPLTCNSKLTLEYWVTPLTSRQYLLAFNQDGIIFNAEDCMSDFMSEIKCKTQSIAPPTGVYELNGYTVQPIADVYRRKPNLPNCNIEAWLNDKSVPSPLNWERKTFSNCNFNMSSLMSFIQADSFTCNNIDAAKIYGMCFSSITIDKFAIPNGRKVDLQLGNLGYLQSFNYRIDTTATSCQLYYNLPAANVSVSRFNPSTWNKRFGFIEDSVFKPRPAGVLTNHDVVYAQHCFKAPKNFCPCKLNGSCVGSGPGKNNGIGTCPAGTNYLTCDNLCTPDPITFTGTYKCPQTKSLVGIGEHCSGLAVKSDYCGGNSCTCRPQAFLGWSADSCLQGDKCNIFANFILHDVNSGLTCSTDLQKANTDIILGVCVNYDLYGILGQGIFVEVNATYYNSWQNLLYDSNGNLYGFRDYIINRTFMIRSCYSGRVSAAFHANSSEPALLFRNIKCNYVFNNSLTRQLQPINYFDSYLGCVVNAYNSTAISVQTCDLTVGSGYCVDYSKNRRSRGAITTGYRFTNFEPFTVNSVNDSLEPVGGLYEIQIPSEFTIGNMVEFIQTSSPKVTIDCAAFVCGDYAACKSQLVEYGSFCDNINAILTEVNELLDTTQLQVANSLMNGVTLSTKLKDGVNFNVDDINFSPVLGCLGSECSKASSRSAIEDLLFDKVKLSDVGFVEAYNNCTGGAEIRDLICVQSYKGIKVLPPLLSENQISGYTLAATSASLFPPWTAAAGVPFYLNVQYRINGLGVTMDVLSQNQKLIANAFNNALYAIQEGFDATNSALVKIQAVVNANAEALNNLLQQLSNRFGAISASLQEILSRLDALEAEAQIDRLINGRLTALNAYVSQQLSDSTLVKFSAAQAMEKVNECVKSQSSRINFCGNGNHIISLVQNAPYGLYFIHFSYVPTKYVTARVSPGLCIAGDRGIAPKSGYFVNVNNTWMYTGSGYYYPEPITENNVVVMSTCAVNYTKAPYVMLNTSIPNLPDFKEELDQWFKNQTSVAPDLSLDYINVTFLDLQVEMNRLQEAIKVLNQSYINLKDIGTYEYYVKWPWYVWLLICLAGVAMLVLLFFICCCTGCGTSCFKKCGGCCDDYTGYQELVIKTSHDD,CoV_OC43.LSS,1353,https://www.uniprot.org/uniprotkb/P36334/entry#sequences,,,
SARS2_UK ,,,,,,,
